<?xml version="1.0" encoding="UTF-8"?>
<beans xmlns="http://www.springframework.org/schema/beans"
   xmlns:context="http://www.springframework.org/schema/context"
   xmlns:aop="http://www.springframework.org/schema/aop"
   xmlns:xsi="http://www.w3.org/2001/XMLSchema-instance"
   xmlns:mvc="http://www.springframework.org/schema/mvc"
   xmlns:mybatis="http://mybatis.org/schema/mybatis-spring"
   xsi:schemaLocation="http://www.springframework.org/schema/mvc http://www.springframework.org/schema/mvc/spring-mvc-3.1.xsd
      http://mybatis.org/schema/mybatis-spring http://mybatis.org/schema/mybatis-spring-1.2.xsd
      http://www.springframework.org/schema/beans http://www.springframework.org/schema/beans/spring-beans-3.0.xsd
      http://www.springframework.org/schema/context http://www.springframework.org/schema/context/spring-context.xsd
      http://www.springframework.org/schema/aop http://www.springframework.org/schema/aop/spring-aop.xsd">
   
<!-- p.482 -->
<bean id="dataSource" class="org.springframework.jdbc.datasource.DriverManagerDataSource">
   <property name="driverClassName" value="oracle.jdbc.driver.OracleDriver"></property>
   <property name="url" value="jdbc:oracle:thin:@localhost:1521:xe"></property>
   <property name="username" value="nb"></property>
   <property name="password" value="nbnb"></property>
</bean>

<!--  NamedParameter[JdbcTemplate] 등록  -->
<bean id="jdbcTemplate" class="org.springframework.jdbc.core.namedparam.NamedParameterJdbcTemplate">
   <constructor-arg ref="dataSource"></constructor-arg>
</bean>

<!-- p.508 트랜잭션을 처리할 때 JDBC기반의 트랜잭션 관리자 등록-->
<bean id="transactionManager" class="org.springframework.jdbc.datasource.DataSourceTransactionManager">
   <property name="dataSource" ref="dataSource"/>
</bean>

<!-- p.514 르랜잭션 템플릿-->
<bean id="transactionTemplate" class="org.springframework.transaction.support.TransactionTemplate">
   <property name="transactionManager" ref="transactionManager"/>
</bean>

<mvc:annotation-driven />
   <mvc:resources mapping="/resources/**" location="/resources/" />
   
   
<!-- p.564 SqlSessionFactoryBean 설정 -->
<bean id="sqlSessionFactory" class="org.mybatis.spring.SqlSessionFactoryBean">
   <property name="dataSource" ref="dataSource" />
</bean>

<mybatis:scan base-package="com.nb.web.productlist.dao"/>
   
   
</beans>







