<?xml version="1.0" encoding="UTF-8"?>
<beans xmlns="http://www.springframework.org/schema/beans"
	xmlns:xsi="http://www.w3.org/2001/XMLSchema-instance"
	xmlns:p="http://www.springframework.org/schema/p"
	xmlns:context="http://www.springframework.org/schema/context"
	xmlns:aop="http://www.springframework.org/schema/aop"
	xmlns:tx="http://www.springframework.org/schema/tx"
	xmlns:mvc="http://www.springframework.org/schema/mvc"
	xsi:schemaLocation="http://www.springframework.org/schema/mvc http://www.springframework.org/schema/mvc/spring-mvc-3.1.xsd
		http://www.springframework.org/schema/beans http://www.springframework.org/schema/beans/spring-beans-3.0.xsd
		http://www.springframework.org/schema/context http://www.springframework.org/schema/context/spring-context-3.0.xsd
		http://www.springframework.org/schema/aop https://www.springframework.org/schema/aop/spring-aop-3.0.xsd
		http://www.springframework.org/schema/tx http://www.springframework.org/schema/tx/spring-tx.xsd">

<!-- 자동으로 스캔 : ajax -->
	<context:component-scan		base-package="com.nb.rest" />
	<context:component-scan		base-package="com.nb.web" />
	<context:annotation-config />

	<mvc:annotation-driven />
   <mvc:resources mapping="/resources/**" location="/resources/" />

<!--p.439 -->
	<bean id="multipartResolver"
		class="org.springframework.web.multipart.commons.CommonsMultipartResolver">
		<property name="maxUploadSize" value="-1"></property>
		<property name="maxInMemorySize" value="1024"></property>
		<property name="defaultEncoding" value="ISO-8859-1"></property>
	</bean>

<!-- p.524 -->
	<tx:annotation-driven 
		transaction-manager="transactionManager"
	 	mode="proxy" 
	 	proxy-target-class="false"
	 />

<!-- 타일즈는 굳이 쓸 필요 없어서 지움 -->
</beans>
