<?xml version="1.0" encoding="UTF-8"?>
<beans xmlns="http://www.springframework.org/schema/beans"
	xmlns:xsi="http://www.w3.org/2001/XMLSchema-instance"
	xmlns:p="http://www.springframework.org/schema/p"
	xmlns:context="http://www.springframework.org/schema/context"
	xmlns:aop="http://www.springframework.org/schema/aop"
	xmlns:tx="http://www.springframework.org/schema/tx"
	xmlns:mvc="http://www.springframework.org/schema/mvc"
	xsi:schemaLocation="http://www.springframework.org/schema/mvc http://www.springframework.org/schema/mvc/spring-mvc-3.1.xsd
		http://www.springframework.org/schema/beans http://www.springframework.org/schema/beans/spring-beans-3.0.xsd
		http://www.springframework.org/schema/context http://www.springframework.org/schema/context/spring-context-3.0.xsd
		http://www.springframework.org/schema/aop https://www.springframework.org/schema/aop/spring-aop-3.0.xsd
		http://www.springframework.org/schema/tx http://www.springframework.org/schema/tx/spring-tx.xsd">

<!-- 자동으로 스캔 -->
	<context:component-scan		base-package="com.nb.web" />
	<context:annotation-config />

	<mvc:annotation-driven />
   <mvc:resources mapping="/resources/**" location="/resources/" />

<!--p.439 -->
	<bean id="multipartResolver"
		class="org.springframework.web.multipart.commons.CommonsMultipartResolver">
		<property name="maxUploadSize" value="-1"></property>
		<property name="maxInMemorySize" value="1024"></property>
		<property name="defaultEncoding" value="ISO-8859-1"></property>
	</bean>

<!-- p.524 -->
	<tx:annotation-driven 
		transaction-manager="transactionManager"
	 	mode="proxy" 
	 	proxy-target-class="false"
	 />
	 
 <!-- 스프링 타일즈 사용하기 위해 필요한 빈 객체 -->
<!--  
   <bean id="tilesConfigurer"  class="org.springframework.web.servlet.view.tiles2.TilesConfigurer">
      <property name="definitions" value="/WEB-INF/tiles-defs.xml"></property>
   </bean>
   <bean  class="org.springframework.web.servlet.view.UrlBasedViewResolver">
      <property name="viewClass"  value="org.springframework.web.servlet.view.tiles2.TilesView"></property>
   </bean>	
 -->   
   <!-- ViewResolver 등록 
   			요청 주소가 없는 경우 jsp 페이지를 찾을 수 있도록 viewResolver를 등록   ex)noticeReg.jsp, noticeDetail.jsp -->
   <bean class="org.springframework.web.servlet.view.InternalResourceViewResolver"></bean> 

</beans>
